INSERT INTO instrument(name, cathegory, image, description)
VALUES ('Piano', 'Keyboard',
        'https://upload.wikimedia.org/wikipedia/commons/thumb/3/3d/Two_pianos_-_grand_piano_and_upright_piano.jpg/525px-Two_pianos_-_grand_piano_and_upright_piano.jpg',
        'The piano is an acoustic, keyboard and stringed musical instrument in which the strings are struck by wooden hammers that are coated with a softer material (modern hammers are covered with dense wool felt; some early pianos used leather). It is played using a keyboard, which is a row of keys (small levers) that the performer presses down or strikes with the fingers and thumbs of both hands to cause the hammers to strike the strings. It was invented in Italy by Bartolomeo Cristofori around the year 1700 (the exact year is uncertain),'),
       ('Keyboard', 'Keyboard',
        'https://upload.wikimedia.org/wikipedia/commons/thumb/1/1c/Masterkeyboard.jpg/375px-Masterkeyboard.jpg',
        'A keyboard instrument is a musical instrument played using a keyboard, a row of levers which are pressed by the fingers. The most common of these are the piano, organ, and various electronic keyboards, including synthesizers and digital pianos. Other keyboard instruments include celestas, which are struck idiophones operated by a keyboard, and carillons, which are usually housed in bell towers or belfries of churches or municipal buildings.'),
       ('Guitar', 'Strings',
        'https://upload.wikimedia.org/wikipedia/commons/thumb/4/45/GuitareClassique5.png/229px-GuitareClassique5.png',
        'The guitar is a fretted musical instrument that typically has six strings. It is held flat against the player''s body and played by strumming or plucking the strings with the dominant hand, while simultaneously pressing selected strings against frets with the fingers of the opposite hand. A plectrum or individual finger picks may be used to strike the strings. The sound of the guitar is projected either acoustically, by means of a resonant chamber on the instrument, or amplified by an electronic pickup and an amplifier.'),
       ('Ukulele', 'Strings',
        'https://upload.wikimedia.org/wikipedia/commons/thumb/5/56/Ukulele1_HiRes.jpg/207px-Ukulele1_HiRes.jpg',
        'The ukulele (/ˌjuːkəˈleɪli/ YOO-kə-LAY-lee; from Hawaiian: ʻukulele [ˈʔukuˈlɛlɛ], approximately OO-koo-LEH-leh) is a member of the lute family of instruments of Portuguese origin and popularized in Hawaii. It generally employs four nylon strings.[1][2][3]'),
       ('Violin', 'Strings',
        'https://upload.wikimedia.org/wikipedia/commons/thumb/1/1b/Violin_VL100.png/276px-Violin_VL100.png',
        'The violin, sometimes known as a fiddle, is a wooden chordophone (string instrument) in the violin family. Most violins have a hollow wooden body. It is the smallest and thus highest-pitched instrument (soprano) in the family in regular use.[a] The violin typically has four strings, (some can have five), usually tuned in perfect fifths with notes G3, D4, A4, E5, and is most commonly played by drawing a bow across its strings. It can also be played by plucking the strings with the fingers (pizzicato) and, in specialized cases, by striking the strings with the wooden side of the bow (col legno).'),
       ('Drums', 'Percussion',
        'https://upload.wikimedia.org/wikipedia/commons/thumb/2/2a/DrumMozartRegiment.jpg/330px-DrumMozartRegiment.jpg',
        'The drum is a member of the percussion group of musical instruments. In the Hornbostel-Sachs classification system, it is a membranophone.[1] Drums consist of at least one membrane, called a drumhead or drum skin, that is stretched over a shell and struck, either directly with the player''s hands, or with a percussion mallet, to produce sound. There is usually a resonance head on the underside of the drum, typically tuned to a slightly lower pitch than the top drumhead. Other techniques have been used to cause drums to make sound, such as the thumb roll. Drums are the world''s oldest and most ubiquitous musical instruments, and the basic design has remained virtually unchanged for thousands of years.'),
       ('Saxophone', 'Woodwind',
        'https://upload.wikimedia.org/wikipedia/commons/thumb/4/4b/Yamaha_Saxophone_YAS-62.tif/lossy-page1-330px-Yamaha_Saxophone_YAS-62.tif.jpg',
        'The saxophone is a type of single-reed woodwind instrument with a conical body, usually made of brass. As with all single-reed instruments, sound is produced when a reed on a mouthpiece vibrates to produce a sound wave inside the instrument''s body. The pitch is controlled by opening and closing holes in the body to change the effective length of the tube.[2] The holes are closed by leather pads attached to keys operated by the player. Saxophones are made in various sizes and are almost always treated as transposing instruments. Saxophone players are called saxophonists.'),
       ('Flute', 'Woodwind',
        'https://upload.wikimedia.org/wikipedia/commons/thumb/1/16/Radha_listening_to_Krishna%27s_flute_playing_seated_by_a_shore_Wellcome_V0045056.jpg/330px-Radha_listening_to_Krishna%27s_flute_playing_seated_by_a_shore_Wellcome_V0045056.jpg',
        'The flute is a family of musical instruments in the woodwind group. Unlike woodwind instruments with reeds, a flute is an aerophone or reedless wind instrument that produces its sound from the flow of air across an opening. According to the instrument classification of Hornbostel–Sachs, flutes are categorized as edge-blown aerophones.[1] A musician who plays the flute is called a flautist or flutist.'),
       ('Cello', 'Strings',
        'https://upload.wikimedia.org/wikipedia/commons/thumb/5/5f/Cello_front_side.png/247px-Cello_front_side.png',
        'The cello (/ˈtʃɛloʊ/ CHEL-oh; plural celli or cellos) or violoncello (/ˌvaɪələnˈtʃɛloʊ/ VY-ə-lən-CHEL-oh;[1] Italian pronunciation: [vjolonˈtʃɛllo]) is a bowed (sometimes plucked and occasionally hit) string instrument of the violin family. Its four strings are usually tuned in perfect fifths: from low to high, C2, G2, D3 and A3. The viola''s four strings are each an octave higher. Music for the cello is generally written in the bass clef, with tenor clef and treble clef used for higher-range passages.'),
       ('Clarinet', 'Woodwind ',
        'https://upload.wikimedia.org/wikipedia/commons/thumb/d/d9/Yamaha_657_CSG_30.jpg/285px-Yamaha_657_CSG_30.jpg',
        'The clarinet is a family of woodwind instruments. It has a single-reed mouthpiece, a straight, cylindrical tube with an almost cylindrical bore, and a flared bell. A person who plays a clarinet is called a clarinetist (sometimes spelled clarinettist).'),
       ('Trumpet', 'Brass', 'https://upload.wikimedia.org/wikipedia/commons/thumb/2/2b/Trumpet.jpg/420px-Trumpet.jpg',
        'The trumpet is a brass instrument commonly used in classical and jazz ensembles. The trumpet group ranges from the piccolo trumpet with the highest register in the brass family, to the bass trumpet, which is pitched one octave below the standard B♭ or C Trumpet.'),
       ('Harp', 'strings', 'https://upload.wikimedia.org/wikipedia/commons/thumb/4/4e/Harp.png/301px-Harp.png',
        'The harp is a stringed musical instrument that has a number of individual strings running at an angle to its soundboard; the strings are plucked with the fingers. Harps can be made and played in various ways, including standing or sitting and in orchestras or concerts. Its most common form is triangular in shape and made of wood. Some have multiple rows of strings and pedal attachments.');

INSERT INTO person (person_number, user_role, first_name, last_name)
VALUES ('20163128-2831', 'instructor', 'Elijah', 'Herman'),
       ('20062919-1929', 'instructor', 'Travis', 'Rice'),
       ('19873515-1535', 'instructor', 'Idona', 'Baxter'),
       ('19872410-1024', 'instructor', 'Desirae', 'Sexton'),
       ('20082822-2228', 'instructor', 'Indira', 'Watson'),
       ('19863218-1832', 'instructor', 'Faith', 'Banks'),
       ('19973524-2435', 'instructor', 'Jamalia', 'Bright'),
       ('20185002-250', 'instructor', 'Dora', 'Dean'),
       ('19905031-3150', 'instructor', 'Lesley', 'Mclaughlin'),
       ('19685205-552', 'instructor', 'Roth', 'Horn');

INSERT INTO instructor(instructor_id, image, description, ensemble_instructor)
VALUES (1, 'https://randomuser.me/api/portraits/women/3.jpg', '9 years of experience.', false),
       (2, 'https://randomuser.me/api/portraits/men/17.jpg', 'Former member of the national orchestra', true),
       (3, 'https://randomuser.me/api/portraits/women/31.jpg', '5 years of teaching experience.', false),
       (4, 'https://randomuser.me/api/portraits/women/32.jpg', 'Exelent teaching ability', false),
       (5, 'https://randomuser.me/api/portraits/women/34.jpg', 'Former beatles member', true),
       (6, 'https://randomuser.me/api/portraits/women/33.jpg', '19 years of experience.', false),
       (7, 'https://randomuser.me/api/portraits/women/41.jpg', 'Exelent teaching ability', false),
       (8, 'https://randomuser.me/api/portraits/women/6.jpg', 'Former jazz performer', true),
       (9, 'https://randomuser.me/api/portraits/women/42.jpg', '22 years of experience.', true),
       (10, 'https://randomuser.me/api/portraits/men/29.jpg', 'Former orchestra dirrigent', true);


INSERT INTO person (person_number, user_role, first_name, last_name)
VALUES ('19591315-1513', 'parent', 'Azalia', 'York'),
       ('20071115-1511', 'parent', 'Robert', 'Romero'),
       ('19715909-959', 'student', 'Allegra', 'Meyers'),
       ('19934928-2849', 'parent', 'Teagan', 'Walton'),
       ('19733710-1037', 'student', 'Damon', 'Bennett'),
       ('20055605-556', 'student', 'Dana', 'Mcdonald'),
       ('19973401-134', 'student', 'Guy', 'Hall'),
       ('19860228-282', 'student', 'Maia', 'Boone'),
       ('19895502-255', 'student', 'Phelan', 'Stanley'),
       ('20152310-1023', 'student', 'Hannah', 'Aguilar'),
       ('20174127-2741', 'student', 'Audrey', 'Gallagher'),
       ('19654012-1240', 'student', 'Acton', 'Pollard'),
       ('20171305-513', 'student', 'Yvette', 'Ware'),
       ('19624206-642', 'parent', 'Kerry', 'Hayes'),
       ('20053508-835', 'student', 'William', 'Cervantes'),
       ('19593723-2337', 'student', 'Kimberly', 'Lyons'),
       ('19872412-1224', 'student', 'Adam', 'Henderson'),
       ('19881814-1418', 'parent', 'Drew', 'Oliver'),
       ('19644719-1947', 'student', 'Jolene', 'Kemp'),
       ('19902329-2923', 'parent', 'Amir', 'Daniels');


INSERT INTO adress (person_id, street, city, zip)
VALUES (1, 'Ap #403-8601 Mauris, Avenue', 'Sandviken', '95243'),
       (2, '955-4395 Et, Rd.', 'Vallentuna', '64178'),
       (3, '409-9332 Non St.', 'Lidingo', '88864'),
       (4, 'Ap #850-9424 Ipsum. Avenue', 'Södertälje', '23788'),
       (5, 'Ap #834-2268 Tempus Rd.', 'Motala', '64260'),
       (6, '361-3877 Mauris, Rd.', 'Ludvika', '18627'),
       (7, '501-7280 Adipiscing Rd.', 'Södertälje', '27282'),
       (8, 'Ap #871-1156 Odio. Rd.', 'Norrköping', '87875'),
       (9, '3134 Faucibus. Ave', 'Söderhamn', '96363'),
       (10, 'Ap #908-7421 Vestibulum Road', 'Söderhamn', '17419'),
       (11, 'P.O. Box 273, 3815 Nibh Rd.', 'Alingsås', '06378'),
       (12, 'Ap #206-6893 Enim Street', 'Borås', '73064'),
       (13, '9925 Velit. Avenue', 'Finspång', '57435'),
       (14, '5123 Nulla. Av.', 'Söderhamn', '22793'),
       (15, 'Ap #320-6500 Semper Road', 'Ockelbo', '66978'),
       (16, '1381 Volutpat. Ave', 'Linköping', '68721'),
       (17, '8746 Phasellus Ave', 'Göteborg', '25367'),
       (18, 'P.O. Box 773, 4441 Mauris St.', 'Hudiksvall', '59663'),
       (19, '701-1867 Erat. Street', 'Märsta', '38518'),
       (20, 'Ap #903-5499 Sem Rd.', 'Avesta', '40627'),
       (21, 'P.O. Box 644, 320 Semper Rd.', 'Mjölby', '55259'),
       (22, '3644 Tincidunt Av.', 'Tumba', '56783'),
       (23, 'Ap #492-8778 Vel Rd.', 'Uddevalla', '43646'),
       (24, '638-796 Nec Rd.', 'Borlänge', '98844'),
       (25, 'P.O. Box 121, 1308 Mauris Av.', 'Mjölby', '31091'),
       (26, '442-6078 Donec Avenue', 'Stockholm', '29017'),
       (27, 'Ap #796-2543 Arcu Rd.', 'Nässjö', '75980'),
       (28, 'Ap #660-4259 Quisque Road', 'Trollhättan', '32138'),
       (29, '998-6737 At St.', 'Avesta', '63461'),
       (30, 'Ap #450-8250 Lorem Road', 'Hofors', '73510');

INSERT INTO phone (person_id, phone_number)
VALUES (1, '076 989 9977'),
       (1, '072 135 6678'),
       (2, '072 845 6541'),
       (3, '073 845 5548'),
       (4, '073 845 5148'),
       (5, '073 878 5588'),
       (5, '076 786 9187'),
       (6, '072 845 5548'),
       (7, '073 554 6675'),
       (8, '072 845 5548'),
       (9, '073 845 5548'),
       (10, '076 845 5548'),
       (11, '076 211 5548'),
       (12, '073 222 5548'),
       (12, '073 798 6644'),
       (13, '073 845 7577'),
       (14, '072 845 5548'),
       (15, '076 984 5548'),
       (16, '076 987 0154'),
       (17, '072 845 5548'),
       (17, '072 548 6548'),
       (17, '073 845 5548'),
       (18, '076 465 5048'),
       (19, '073 845 5548'),
       (20, '073 845 2548'),
       (20, '073 845 4401'),
       (21, '076 888 5548'),
       (22, '073 845 0212'),
       (22, '072 576 5348'),
       (23, '073 845 5748'),
       (24, '072 845 5248'),
       (25, '073 122 5548'),
       (26, '073 645 1077'),
       (26, '076 845 0457'),
       (26, '072 845 5948'),
       (27, '073 354 5508'),
       (28, '073 845 7627'),
       (28, '072 997 5518'),
       (29, '073 111 1548'),
       (30, '072 452 1032');

INSERT INTO email (person_id, email)
VALUES (1, 'ut.dolor.dapibus@yahoo.ca'),
       (2, 'fringilla.porttitor@outlook.net'),
       (3, 'aliquam.eros@yahoo.couk'),
       (4, 'nunc.commodo.auctor@protonmail.ca'),
       (5, 'tortor.nunc.commodo@icloud.com'),
       (6, 'fringilla.porttitor@yahoo.ca'),
       (7, 'vivamus.sit.amet@hotmail.org'),
       (8, 'nam.consequat.dolor@protonmail.net'),
       (9, 'nisl.maecenas@yahoo.couk'),
       (10, 'erat.in@icloud.org'),
       (11, 'bibendum.donec@icloud.com'),
       (12, 'at@protonmail.couk'),
       (13, 'donec.felis@hotmail.net'),
       (14, 'vel.pede@outlook.org'),
       (15, 'orci@outlook.net'),
       (16, 'dictum.eleifend.nunc@yahoo.ca'),
       (17, 'phasellus.vitae.mauris@icloud.couk'),
       (18, 'ut.sem.nulla@google.couk'),
       (19, 'laoreet.posuere.enim@google.ca'),
       (20, 'ut.sagittis@protonmail.ca'),
       (21, 'convallis.ligula@outlook.ca'),
       (22, 'congue.in@yahoo.edu'),
       (23, 'libero.morbi@icloud.net'),
       (24, 'nonummy@icloud.net'),
       (25, 'elit.elit@icloud.net'),
       (26, 'amet.diam.eu@yahoo.org'),
       (27, 'duis.sit@yahoo.edu'),
       (28, 'vitae.purus.gravida@outlook.com'),
       (29, 'metus.aliquam@protonmail.net'),
       (30, 'ac.feugiat@icloud.net');

INSERT INTO instructor_instrument (instructor_id, instrument_id)
VALUES (1, 1),
       (1, 11),
       (2, 2),
       (2, 12),
       (3, 3),
       (3, 1),
       (3, 8),
       (3, 9),
       (4, 4),
       (5, 5),
       (5, 7),
       (5, 1),
       (6, 6),
       (6, 9),
       (7, 7),
       (8, 8),
       (9, 9),
       (9, 1),
       (10, 10),
       (10, 3);

INSERT INTO price (lesson_type, skill_level, price, salary, discount)
VALUES ('group lesson', 'beginner', 150, 120, 30),
       ('group lesson', 'intermediate', 200, 160, 40),
       ('group lesson', 'advanced', 250, 200, 50),
       ('individual lesson', 'beginner', 200, 160, 40),
       ('individual lesson', 'intermediate', 250, 200, 50),
       ('individual lesson', 'advanced', 300, 240, 60),
       ('ensemble', 'all skill levels', 100, 300, 20);

INSERT INTO student (student_id, skill_level, approved, instrument_id)
VALUES (13, 'beginner', true, 1),
       (15, 'beginner', true, 2),
       (16, 'intermediate', true, 3),
       (17, 'beginner', false, 4),
       (18, 'beginner', true, 5),
       (19, 'advanced', true, 6),
       (20, 'intermediate', true, 7),
       (21, 'beginner', true, 8),
       (22, 'beginner', true, 9),
       (23, 'intermediate', true, 10),
       (25, 'beginner', true, 11),
       (26, 'intermediate', true, 1),
       (27, 'advanced', true, 2),
       (29, 'advanced', true, 1);

INSERT INTO parent (person_id, student_id)
VALUES (11, 20),
       (11, 18),
       (12, 21),
       (12, 23),
       (14, 25),
       (14, 27),
       (24, 29),
       (28, 19),
       (28, 16),
       (30, 13),
       (30, 15),
       (30, 17);

INSERT INTO rental_instrument (model, notes, monthly_price, instrument_id)
VALUES ('Fender CD-60S All-Mahogany', 'Almost new condition', 200, 3),
       ('Fender CD-60S All-Mahogany', 'New condition', 200, 3),
       ('Epiphone J-200 EC Studio', 'Good condition', 150, 3),

       ('Luna Guitars Concert Ukulele', 'Good condition', 150, 4),
       ('Luna Guitars Concert Ukulele', 'Good condition', 150, 4),

       ('Arvada VA-85 viola 3/4', 'Good condition', 200, 5),
       ('Arvada VA-85 viola 3/4', 'Good condition', 200, 5),
       ('Arvada VA-85 viola 3/4', 'Good condition', 200, 5),
       ('Arvada VA-85 viola 3/4', 'New condition', 250, 5),

       ('Ludwig Backbeat Complete 5-Piece', 'New condition', 200, 6),

       ('Etude ETS-200 Student Series Tenor Saxophone Lacquer', 'New condition', 200, 7),
       ('Etude ETS-200 Student Series Tenor Saxophone Lacquer', 'Good condition', 180, 7),
       ('Etude ETS-200 Student Series Tenor Saxophone Lacquer', 'New condition', 200, 7),

       ('Etude EFL-200 Student Series', 'Good condition', 190, 8),
       ('Etude EFL-200 Student Series', 'Good condition', 190, 8),
       ('Etude EFL-200 Student Series', 'New condition', 240, 8),

       ('Bellafina Musicale', 'Good condition', 220, 9),
       ('Clearance Knilling Bucharest Solid Cello', 'Good condition', 220, 9),
       ('Clearance Knilling Bucharest Solid Cello', 'New condition', 280, 9),

       ('Etude ECL-200 Student Series Bb ', 'Good condition', 200, 10),
       ('Etude ECL-200 Student Series Bb ', 'Almost new condition', 250, 10),

       ('pTrumpet hyTech Metal', 'New condition', 220, 11),
       ('pTrumpet hyTech Metal', 'Almost new condition', 200, 11);

INSERT INTO rental (rental_instrument_id, student_id, start_date, end_date, delivery, price, notes, terminated)
VALUES (2, 16, '2022-01-12', '2022-03-12', '2022-01-12 15:20:00', 400, 'Will be left at home as discussed', false),
       (13, 26, '2021-11-05', '2022-06-05', '2021-11-05 14:40:00', 1600, 'Will be left at office as discussed', false),
       (22, 13, '2022-01-08', '2022-05-08', '2022-01-12 15:20:00', 1100, 'Delivered to door', false),
       (6, 13, '2021-08-17', '2022-02-17', '2021-08-17 15:20:00', 1000, 'Delivered to door', false),
       (6, 13, '2022-03-02', '2022-05-02', '2022-03-02 15:20:00', 400, 'Delivered to door', false),
       (18, 19, '2022-01-28', '2022-05-28', '2022-01-28 15:20:00', 880, 'Delivered to door', false),
       (23, 22, '2021-12-13', '2022-08-13', '2021-12-13 15:20:00', 1800, 'Delivered to door', false),
       (1, 23, '2021-10-08', '2022-03-08', '2021-10-08 15:20:00', 1200, 'Delivered to door', false);

INSERT INTO work_time (instructor_id, title, start_timestamp, end_timestamp)
VALUES (1, 'Day shift', '2022-01-04 09:30:00', '2022-01-04 18:00:00'),
       (1, 'Day shift', '2022-01-05 09:30:00', '2022-01-05 18:00:00'),
       (1, 'Day shift', '2022-01-06 09:30:00', '2022-01-06 18:00:00'),
       (1, 'Day shift', '2022-01-11 09:30:00', '2022-01-11 18:00:00'),
       (1, 'Day shift', '2022-01-12 09:30:00', '2022-01-12 18:00:00'),
       (1, 'Day shift', '2022-01-13 09:30:00', '2022-01-13 18:00:00'),
       (1, 'Day shift', '2022-01-18 09:30:00', '2022-01-18 18:00:00'),
       (1, 'Day shift', '2022-01-19 09:30:00', '2022-01-19 18:00:00'),
       (1, 'Day shift', '2022-01-20 09:30:00', '2022-01-20 18:00:00'),

       (2, 'Morning shift', '2022-01-01 09:30:00', '2022-01-01 12:00:00'),
       (2, 'Afternoon shift', '2022-01-01 16:30:00', '2022-01-01 22:00:00'),
       (2, 'Morning shift', '2022-01-02 09:30:00', '2022-01-02 12:00:00'),
       (2, 'Afternoon shift', '2022-01-02 16:30:00', '2022-01-02 22:00:00'),
       (2, 'Morning shift', '2022-01-09 09:30:00', '2022-01-09 12:00:00'),
       (2, 'Afternoon shift', '2022-01-09 16:30:00', '2022-01-09 22:00:00'),
       (2, 'Morning shift', '2022-01-10 09:30:00', '2022-01-10 12:00:00'),
       (2, 'Afternoon shift', '2022-01-10 16:30:00', '2022-01-10 22:00:00'),

       (3, 'Day shift', '2022-01-07 09:30:00', '2022-01-07 18:00:00'),
       (3, 'Day shift', '2022-01-08 09:30:00', '2022-01-08 18:00:00'),
       (3, 'Day shift', '2022-01-09 09:30:00', '2022-01-09 18:00:00'),
       (3, 'Day shift', '2022-01-14 09:30:00', '2022-01-14 18:00:00'),
       (3, 'Day shift', '2022-01-15 09:30:00', '2022-01-15 18:00:00'),
       (3, 'Day shift', '2022-01-16 09:30:00', '2022-01-16 18:00:00'),
       (3, 'Day shift', '2022-01-21 09:30:00', '2022-01-21 18:00:00'),
       (3, 'Day shift', '2022-01-22 09:30:00', '2022-01-22 18:00:00'),
       (3, 'Day shift', '2022-01-23 09:30:00', '2022-01-23 18:00:00'),

       (4, 'Day shift', '2022-01-04 09:30:00', '2022-01-04 18:00:00'),
       (4, 'Day shift', '2022-01-05 09:30:00', '2022-01-05 18:00:00'),
       (4, 'Day shift', '2022-01-06 09:30:00', '2022-01-06 18:00:00'),
       (4, 'Day shift', '2022-01-11 09:30:00', '2022-01-11 18:00:00'),
       (4, 'Day shift', '2022-01-12 09:30:00', '2022-01-12 18:00:00'),
       (4, 'Day shift', '2022-01-13 09:30:00', '2022-01-13 18:00:00'),
       (4, 'Day shift', '2022-01-18 09:30:00', '2022-01-18 18:00:00'),
       (4, 'Day shift', '2022-01-19 09:30:00', '2022-01-19 18:00:00'),
       (4, 'Day shift', '2022-01-20 09:30:00', '2022-01-20 18:00:00'),

       (5, 'Morning shift', '2022-01-01 09:30:00', '2022-01-01 12:00:00'),
       (5, 'Afternoon shift', '2022-01-01 16:30:00', '2022-01-01 22:00:00'),
       (5, 'Morning shift', '2022-01-02 09:30:00', '2022-01-02 12:00:00'),
       (5, 'Afternoon shift', '2022-01-02 16:30:00', '2022-01-02 22:00:00'),
       (5, 'Morning shift', '2022-01-09 09:30:00', '2022-01-09 12:00:00'),
       (5, 'Afternoon shift', '2022-01-09 16:30:00', '2022-01-09 22:00:00'),
       (5, 'Morning shift', '2022-01-10 09:30:00', '2022-01-10 12:00:00'),
       (5, 'Afternoon shift', '2022-01-10 16:30:00', '2022-01-10 22:00:00'),

       (6, 'Day shift', '2022-01-07 09:30:00', '2022-01-07 18:00:00'),
       (6, 'Day shift', '2022-01-08 09:30:00', '2022-01-08 18:00:00'),
       (6, 'Day shift', '2022-01-09 09:30:00', '2022-01-09 18:00:00'),
       (6, 'Day shift', '2022-01-14 09:30:00', '2022-01-14 18:00:00'),
       (6, 'Day shift', '2022-01-15 09:30:00', '2022-01-15 18:00:00'),
       (6, 'Day shift', '2022-01-16 09:30:00', '2022-01-16 18:00:00'),
       (6, 'Day shift', '2022-01-21 09:30:00', '2022-01-21 18:00:00'),
       (6, 'Day shift', '2022-01-22 09:30:00', '2022-01-22 18:00:00'),
       (6, 'Day shift', '2022-01-23 09:30:00', '2022-01-23 18:00:00'),

       (7, 'Afternoon shift', '2022-01-02 15:30:00', '2022-01-02 22:00:00'),
       (7, 'Afternoon shift', '2022-01-04 15:30:00', '2022-01-04 22:00:00'),
       (7, 'Afternoon shift', '2022-01-06 15:30:00', '2022-01-06 22:00:00'),
       (7, 'Afternoon shift', '2022-01-09 15:30:00', '2022-01-09 22:00:00'),
       (7, 'Afternoon shift', '2022-01-11 15:30:00', '2022-01-11 22:00:00'),
       (7, 'Afternoon shift', '2022-01-13 15:30:00', '2022-01-13 22:00:00'),
       (7, 'Afternoon shift', '2022-01-16 15:30:00', '2022-01-16 22:00:00'),
       (7, 'Afternoon shift', '2022-01-18 15:30:00', '2022-01-18 22:00:00'),
       (7, 'Afternoon shift', '2022-01-20 15:30:00', '2022-01-20 22:00:00'),

       (8, 'Day shift', '2022-01-08 09:30:00', '2022-01-08 18:00:00'),
       (8, 'Day shift', '2022-01-09 09:30:00', '2022-01-09 18:00:00'),
       (8, 'Day shift', '2022-01-15 09:30:00', '2022-01-15 18:00:00'),
       (8, 'Day shift', '2022-01-16 09:30:00', '2022-01-16 18:00:00'),
       (8, 'Day shift', '2022-01-22 09:30:00', '2022-01-22 18:00:00'),
       (8, 'Day shift', '2022-01-23 09:30:00', '2022-01-23 18:00:00'),

       (9, 'Day shift', '2022-01-07 09:30:00', '2022-01-07 18:00:00'),
       (9, 'Day shift', '2022-01-08 09:30:00', '2022-01-08 18:00:00'),
       (9, 'Day shift', '2022-01-09 09:30:00', '2022-01-09 18:00:00'),
       (9, 'Day shift', '2022-01-14 09:30:00', '2022-01-14 18:00:00'),
       (9, 'Day shift', '2022-01-15 09:30:00', '2022-01-15 18:00:00'),
       (9, 'Day shift', '2022-01-16 09:30:00', '2022-01-16 18:00:00'),
       (9, 'Day shift', '2022-01-21 09:30:00', '2022-01-21 18:00:00'),
       (9, 'Day shift', '2022-01-22 09:30:00', '2022-01-22 18:00:00'),
       (9, 'Day shift', '2022-01-23 09:30:00', '2022-01-23 18:00:00'),

       (10, 'Day shift', '2022-01-04 09:30:00', '2022-01-04 18:00:00'),
       (10, 'Day shift', '2022-01-05 09:30:00', '2022-01-05 18:00:00'),
       (10, 'Day shift', '2022-01-06 09:30:00', '2022-01-06 18:00:00'),
       (10, 'Day shift', '2022-01-11 09:30:00', '2022-01-11 18:00:00'),
       (10, 'Day shift', '2022-01-12 09:30:00', '2022-01-12 18:00:00'),
       (10, 'Day shift', '2022-01-13 09:30:00', '2022-01-13 18:00:00'),
       (10, 'Day shift', '2022-01-18 09:30:00', '2022-01-18 18:00:00'),
       (10, 'Day shift', '2022-01-19 09:30:00', '2022-01-19 18:00:00'),
       (10, 'Day shift', '2022-01-20 09:30:00', '2022-01-20 18:00:00');

INSERT INTO lesson (start_timestamp, end_timestamp, room, skill_level, lesson_type)
VALUES ('2022-01-08 10:00:00', '2022-01-08 11:00:00', 'alfa', 'beginner', 'group lesson'),
       ('2022-01-08 11:00:00', '2022-01-08 12:00:00', 'alfa', 'advanced', 'individual lesson'),
       ('2022-01-08 13:00:00', '2022-01-08 14:00:00', 'alfa', 'beginner', 'individual lesson'),
       ('2022-01-08 14:00:00', '2022-01-08 15:00:00', 'alfa', 'intermediate', 'group lesson'),
       ('2022-01-08 15:00:00', '2022-01-08 16:00:00', 'beta', 'beginner', 'group lesson'),
       ('2022-01-08 17:00:00', '2022-01-08 18:00:00', 'beta', 'intermediate', 'group lesson'),
       ('2022-01-08 19:00:00', '2022-01-08 20:00:00', 'alfa', 'intermediate', 'group lesson'),

       ('2022-01-08 10:00:00', '2022-01-08 11:00:00', 'beta', 'beginner', 'group lesson'),
       ('2022-01-08 13:00:00', '2022-01-08 14:00:00', 'beta', 'beginner', 'individual lesson'),
       ('2022-01-08 14:00:00', '2022-01-08 15:00:00', 'beta', 'intermediate', 'group lesson'),
       ('2022-01-08 15:00:00', '2022-01-08 16:00:00', 'alfa', 'beginner', 'group lesson'),
       ('2022-01-08 17:00:00', '2022-01-08 18:00:00', 'alfa', 'intermediate', 'group lesson'),
       ('2022-01-08 19:00:00', '2022-01-08 20:00:00', 'beta', 'intermediate', 'group lesson'),

       ('2022-01-08 10:00:00', '2022-01-08 11:00:00', 'delta', 'beginner', 'group lesson'),
       ('2022-01-08 11:00:00', '2022-01-08 12:00:00', 'delta', 'advanced', 'individual lesson'),
       ('2022-01-08 14:00:00', '2022-01-08 15:00:00', 'delta', 'intermediate', 'group lesson'),
       ('2022-01-08 15:00:00', '2022-01-08 16:00:00', 'delta', 'beginner', 'group lesson'),
       ('2022-01-08 17:00:00', '2022-01-08 18:00:00', 'delta', 'intermediate', 'group lesson'),

       ('2022-01-08 10:00:00', '2022-01-08 11:00:00', 'big hall', 'beginner', 'group lesson'),
       ('2022-01-08 15:00:00', '2022-01-08 16:00:00', 'big hall', 'beginner', 'group lesson'),
       ('2022-01-08 17:00:00', '2022-01-08 18:00:00', 'big hall', 'intermediate', 'group lesson'),
       ('2022-01-08 19:00:00', '2022-01-08 20:00:00', 'big hall', 'all skill levels', 'ensemble'),

       ------ Extra without corespopnding sub lessons
       ('2022-05-16 19:00:00', '2022-01-16 20:00:00', 'big hall', 'beginner', 'individual lesson'),
       ('2022-05-04 19:00:00', '2022-01-04 20:00:00', 'big hall', 'beginner', 'group lesson'),
       ('2022-03-25 19:00:00', '2022-01-25 20:00:00', 'big hall', 'beginner', 'group lesson'),
       ('2022-03-08 19:00:00', '2022-01-08 20:00:00', 'big hall', 'beginner', 'group lesson'),
       ('2022-03-02 19:00:00', '2022-01-02 20:00:00', 'big hall', 'beginner', 'individual lesson'),
       ('2022-03-08 19:00:00', '2022-01-08 20:00:00', 'big hall', 'beginner', 'group lesson'),
       ('2022-08-30 19:00:00', '2022-01-30 20:00:00', 'big hall', 'intermediate', 'individual lesson'),
       ('2022-08-11 19:00:00', '2022-01-11 20:00:00', 'big hall', 'intermediate', 'group lesson'),

       ('2022-01-04 19:00:00', '2022-01-04 20:00:00', 'big hall', 'all skill levels', 'ensemble'),
       ('2022-01-05 19:00:00', '2022-01-05 20:00:00', 'big hall', 'all skill levels', 'ensemble'),

       ('2022-01-08 19:00:00', '2022-01-08 20:00:00', 'big hall', 'all skill levels', 'ensemble'),
       ('2022-01-04 19:00:00', '2022-01-04 20:00:00', 'big hall', 'all skill levels', 'ensemble'),
       ('2022-01-06 19:00:00', '2022-01-06 20:00:00', 'big hall', 'all skill levels', 'ensemble'),
       ('2022-01-9 19:00:00', '2022-01-9 20:00:00', 'big hall', 'all skill levels', 'ensemble'),
       ('2022-01-11 19:00:00', '2022-01-11 20:00:00', 'big hall', 'all skill levels', 'ensemble'),
       ('2022-01-15 19:00:00', '2022-01-15 20:00:00', 'big hall', 'all skill levels', 'ensemble');

INSERT INTO individual_lesson (lesson_id, instrument_id)
VALUES (2, 3),
       (3, 3),
       (9, 6),
       (15, 8);

INSERT INTO group_lesson (lesson_id, max_cap, min_cap, instrument_id)
VALUES (1, 5, 2, 3),
       (4, 5, 2, 3),
       (5, 5, 2, 3),
       (6, 5, 2, 3),
       (7, 5, 2, 3),
       (8, 5, 2, 6),
       (10, 5, 2, 6),
       (11, 5, 2, 6),
       (12, 5, 2, 6),
       (13, 5, 2, 6),
       (14, 5, 2, 8),
       (16, 5, 2, 8),
       (17, 5, 2, 8),
       (18, 5, 2, 8),
       (19, 5, 2, 9),
       (20, 5, 2, 9),
       (21, 5, 2, 9);

INSERT INTO job (lesson_id, instructor_id, salary)
VALUES (1, 3, 200),
       (2, 3, 200),
       (3, 3, 200),
       (4, 3, 200),
       (5, 3, 200),
       (6, 3, 200),
       (7, 3, 200),

       (8, 6, 200),
       (9, 6, 200),
       (10, 6, 200),
       (11, 6, 200),
       (12, 6, 200),
       (13, 6, 200),

       (14, 8, 200),
       (15, 8, 200),
       (16, 8, 200),
       (17, 8, 200),
       (18, 8, 200),

       (19, 9, 200),
       (20, 9, 200),
       (21, 9, 200),
       (22, 9, 300),
       (22, 8, 300),

       (22, 3, 300),
       (23, 6, 300),
       (24, 8, 300),
       (25, 9, 300),
       (26, 3, 300),
       (27, 6, 300),
       (28, 8, 300),
       (29, 9, 300),
       (30, 3, 300),
       (31, 6, 300),
       (32, 8, 300);


INSERT INTO booking (lesson_id, student_id, price, discount, canceled)
VALUES (1, 13, 150, 30, false),
       (2, 15, 300, 60, false),
       (3, 16, 200, 40, false),
       (4, 17, 200, 40, false),
       (5, 18, 150, 30, false),
       (6, 19, 200, 40, true),
       (7, 20, 200, 40, false),
       (8, 21, 150, 30, false),
       (9, 22, 200, 0, false),
       (10, 23, 200, 40, false),
       (11, 25, 150, 30, false),
       (12, 26, 200, 0, false),
       (13, 27, 200, 40, true),
       (14, 29, 150, 30, false),
       (15, 13, 300, 60, false),
       (16, 15, 200, 40, false),
       (17, 18, 150, 30, false),
       (18, 19, 200, 40, true),
       (19, 22, 150, 0, false),
       (20, 27, 150, 30, false),
       (21, 29, 200, 0, true),
/* Ensamble bookings */
       (22, 13, 100, 20, false),
       (22, 16, 100, 20, false),
       (22, 27, 100, 20, true),
       (22, 22, 100, 0, false),
       (22, 19, 100, 0, false),

       (31, 13, 100, 20, false),
       (31, 16, 100, 20, false),
       (31, 27, 100, 20, false),
       (31, 29, 100, 20, false),

       (32, 16, 100, 20, false),
       (32, 19, 100, 20, false),
       (32, 22, 100, 20, false),

       (33, 17, 100, 20, false),

       (34, 18, 100, 20, false),

       (35, 19, 100, 20, false),

       (36, 20, 100, 20, false),

       (37, 13, 100, 20, false),
       (37, 22, 100, 20, false),
       (37, 21, 100, 20, true),
       (37, 18, 100, 20, false),

       (38, 21, 100, 20, false),
       (38, 22, 100, 20, false);


INSERT INTO soundgood.public.ensamble_lesson (lesson_id, max_cap, min_cap, genre)
VALUES (22, 5, 2, 'rock'),
       (31, 6, 4, 'classical'),
       (32, 4, 2, 'rock'),
       (33, 8, 4, 'classical'),
       (34, 8, 4, 'rock'),
       (35, 6, 4, 'classical'),
       (36, 8, 4, 'rock'),
       (37, 3, 2, 'rock'),
       (38, 8, 4, 'rock');
